[removed], [removed], 1
CarMax Auctions,16110 North Fwy,87
Auto Appraisal Network Inc,8922 Bonnyview Dr,87
Copart Inc,1655 Rankin Rd Building 1,87
Auction Nation,405 Main St,87
Houston Auto Auction,2000 Cavalcade St,87
Texas Auto Auction Deals,11111 Bissonnet St,87
America's Auto Auction,1440 FM 3083,52
Metro Auto Auction,1836 Midway Rd,104
ADESA Auctions,4526 North Sam Houston Pkwy W,87
1 Click Auto Auction LLC,13785 Research Blvd #125,17
Trinity Public Auto Auction,241 W Commerce St,56
Park Place Auto Auction,4422 W Plano Pkwy,160
Insurance Auto Auctions,2535 W Mount,87
Auto Auction Mall,20200 W Dixie Hwy Suite 1001,129
Berrett-Jackson Auction Company,15555 N 79th Pl,186
BSC America Auctions,4805 Philadelphia Rd,24
AutoNation Auto Auctions,608 Mitchell Rd,87
Rawls Auto Auction,2818 Pond Branch Rd,103
